﻿<?xml version="1.0" encoding="utf-8" ?>
<ItemDB xmlns:xsd="http://www.w3.org/2001/XMLSchema" xmlns:xsi="http://www.w3.org/2001/XMLSchema-instance">
  <Gem Name="TestGem">
    <Attribute Name="Attribute1: #">
      <Value Level="5">5</Value>
      <ValueForLevel From="1" To="10">10</ValueForLevel>
    </Attribute>
    <Attribute Name="Attribute2: #">
      <Value Level="5">5</Value>
      <ValueForLevel From="1" To="10">10</ValueForLevel>
    </Attribute>
    <Attribute Name="Attribute3: #">
      <Value Level="5">5</Value>
      <ValueForLevel From="1" To="10">10</ValueForLevel>
    </Attribute>
    <Attribute Name="Attribute4: #">
      <Value Level="5">5</Value>
      <ValueForLevel From="1" To="10">10</ValueForLevel>
    </Attribute>
    <Attribute Name="Attribute5: #">
      <ValueForLevel From="1" To="3">10</ValueForLevel>
    </Attribute>
    <Attribute Name="Attribute6: #">
      <ValuePerLevel>5</ValuePerLevel>
    </Attribute>
    <Attribute Name="Attribute7: #">
      <ValuePerLevel>5</ValuePerLevel>
    </Attribute>
    <Attribute Name="Attribute8: #">
      <ValueForLevel From="1" To="25">10</ValueForLevel>
    </Attribute>
  </Gem>
</ItemDB>