<?xml version="1.0" encoding="utf-8"?>
<!-- Custom pseudo attributes (Limited number of PseudoAttributes can be used before it crashes)-->
<PseudoAttributes>
	<PseudoAttribute Name="#% increased Total Glacial Cascade Damage with 50% phys conversion" Group="Damage">
		<!-- With Physical to Lightning Support
		Before Phys to Lightning Gem
		35.504201680672268907563025210084% of Glacial cascade is phys
		
		After Phys to Lightning Gem
		17.752100840336134453781512605042% of Glacial cascade is phys (before added damage)
		82.247899159663865546218487394958% is Elemental damage (before added damage)
		64.495798319327731092436974789916% is Cold Damage
		-->
		<Attribute Name="#% increased Elemental Damage" ConversionMultiplier="0.82247899159663865546218487394958"/>
		<Attribute Name="#% increased Cold Damage" ConversionMultiplier="0.64495798319327731092436974789916"/>
		<Attribute Name="#% increased Physical Damage" ConversionMultiplier="0.17752100840336134453781512605042"/>
		<Attribute Name="#% increased Lightning Damage" ConversionMultiplier="0.17752100840336134453781512605042"/>
		<Attribute Name="#% increased Area Damage" />
		<Attribute Name="#% increased Spell Damage" />
	</PseudoAttribute>
	<PseudoAttribute Name="#% increased Average Wild Strike Damage with Pure Physical Weapon" Group="Damage">
		<Attribute Name="#% increased Elemental Damage" />
		<Attribute Name="#% increased Elemental Damage with Weapons" />
		<Attribute Name="#% increased Physical Damage" />
		<Attribute Name="#% increased Lightning Damage" ConversionMultiplier="0.333333333"/>
		<Attribute Name="#% increased Cold Damage" ConversionMultiplier="0.333333333"/>
		<Attribute Name="#% increased Fire Damage" ConversionMultiplier="0.333333333"/>
		<Attribute Name="#% increased Area Damage" ConversionMultiplier="0.333333333"/>
		<Attribute Name="#% increased Projectile Damage" ConversionMultiplier="0.333333333"/>
		<Attribute Name="#% increased Attack Damage" />
	</PseudoAttribute>
	<PseudoAttribute Name="#% increased Average Wild Strike Damage with 75% Physical Weapon" Group="Damage">
		<Attribute Name="#% increased Elemental Damage" />
		<Attribute Name="#% increased Elemental Damage with Weapons" />
		<Attribute Name="#% increased Physical Damage" ConversionMultiplier="0.75"/>
		<Attribute Name="#% increased Lightning Damage" ConversionMultiplier="0.333333333"/>
		<Attribute Name="#% increased Cold Damage" ConversionMultiplier="0.333333333"/>
		<Attribute Name="#% increased Fire Damage" ConversionMultiplier="0.333333333"/>
		<Attribute Name="#% increased Area Damage" ConversionMultiplier="0.333333333"/>
		<Attribute Name="#% increased Projectile Damage" ConversionMultiplier="0.333333333"/>
		<Attribute Name="#% increased Attack Damage" />
	</PseudoAttribute>
<!-- 
	<PseudoAttribute Name="#% increased Average Wild Strike Damage" Group="Damage">
		<Attribute Name="#% increased Elemental Damage" />
		<Attribute Name="#% increased Elemental Damage with Weapons" />
		<Attribute Name="#% increased Lightning Damage" ConversionMultiplier="0.333333333"/>
		<Attribute Name="#% increased Cold Damage" ConversionMultiplier="0.333333333"/>
		<Attribute Name="#% increased Fire Damage" ConversionMultiplier="0.333333333"/>
		<Attribute Name="#% increased Area Damage" ConversionMultiplier="0.333333333"/>
		<Attribute Name="#% increased Projectile Damage" ConversionMultiplier="0.333333333"/>
		<Attribute Name="#% increased Attack Damage" />
	</PseudoAttribute>
-->
	<PseudoAttribute Name="#% increased Hybrid Life/ES Percent" Group="Defense">
		<Attribute Name="#% increased maximum Life" />
		<Attribute Name="#% increased maximum Energy Shield" />
		<Attribute Name="+# to Intelligence" ConversionMultiplier="0.2" />
	</PseudoAttribute>
<!-- 
Random high dps rolls comparisons (not including chaos damage of unique)
Average damage added from Level 20 Anger aura: 89.5
1.56 Attack Speed version of Rebuke of the Vaal(for included accuracy boost)
185.33 pDPS 131.04 eDPS (with anger added: 270.66) 
Combined DPS with aura: 455.99 (59.35656483694817868812912563872% Elemental damage 40.64343516305182131187087436128% Physical)
1.67 Attack Speed version of Essentia Sanguis
231 pDPS 167.84 eDPS (with anger added: 317.305)
Combined DPS with aura: 548.305 (57.870163503889258715495937480052% Elemental damage 42.129836496110741284504062519948% Physical)
Average Percents:
58.613364170418718701812531559386% Elemental damage
0.41386635829581281298187468440614% Physical Damage
-->
<!-- Giving 25% priority to chaos from physical for using 25% chance to poison unique
Giving slight priority to status and critical chance for chance for ignite
Low priority for chance to poison on hit since can optionally use skill gem support
Bleed damage not effected by Melee Damage nodes (give small amount since only effects initial hit of puncture)
-->	
	<PseudoAttribute Name="#% increased Melee Tri-DOT damage with AngerAura+Rebuke of the Vaal+Essentia Sanguis + Bleed Skill" Group="Damage">
		<Attribute Name="#% increased Melee Damage" ConversionMultiplier="0.1"/>
		<Attribute Name="#% increased Damage over Time" />
		<Attribute Name="#% increased Attack Damage" ConversionMultiplier="0.1"/>
		<Attribute Name="#% increased Attack Damage against Bleeding Enemies" ConversionMultiplier="0.1"/>
		<Attribute Name="#% increased Physical Damage over Time"  ConversionMultiplier="0.41386635829581281298187468440614"/>
		<Attribute Name="#% increased Elemental Damage" ConversionMultiplier="0.58613364170418718701812531559386" />
		<Attribute Name="#% increased Elemental Damage with Weapons" ConversionMultiplier="0.58613364170418718701812531559386"/>
		<Attribute Name="#% increased Chaos Damage" ConversionMultiplier="0.05" />
		<Attribute Name="#% increased Physical Damage" ConversionMultiplier="0.41386635829581281298187468440614" />
		<Attribute Name="#% increased Melee Physical Damage" ConversionMultiplier="0.05" />
		<Attribute Name="#% increased Critical Strike Chance" ConversionMultiplier="0.001"/>
		<Attribute Name="#% increased Critical Strike Chance with One Handed Melee Weapons" ConversionMultiplier="0.001"/>
		<Attribute Name="#% chance to Freeze, Shock, and Ignite" ConversionMultiplier="0.1"/>
		<Attribute Name="#% increased Damage with Poison" ConversionMultiplier="0.25" />
		<!--<Attribute Name="#% chance to Poison on Hit" ConversionMultiplier="0.05" />
		<Attribute Name="#% chance to Poison on Hit against Bleeding Enemies" ConversionMultiplier="0.05" />-->
		<!--<Attribute Name="Melee Attacks have a #% chance to cause Bleeding" ConversionMultiplier="0.1" />-->
		<Attribute Name="+# to Strength" ConversionMultiplier="0.02" />
	</PseudoAttribute>
	<PseudoAttribute Name="#% increased Physical+Fire Focused TriDot Puncture Damage Supported by Poison+Melee Splash+Rapid Decay+WeaponElemental Damage/Other" Group="Damage">
		<Attribute Name="#% increased Damage over Time" />
		<Attribute Name="#% increased Physical Damage over Time"  ConversionMultiplier="0.8"/>
		<Attribute Name="#% increased Fire Damage" ConversionMultiplier="0.5" />
		<Attribute Name="#% increased Elemental Damage" ConversionMultiplier="0.5" />
		<Attribute Name="#% increased Elemental Damage with Weapons" ConversionMultiplier="0.5"/>
		<Attribute Name="#% increased Physical Damage" ConversionMultiplier="0.8" />
		<Attribute Name="#% increased Critical Strike Chance" ConversionMultiplier="0.001"/>
		<Attribute Name="#% increased Critical Strike Chance with One Handed Melee Weapons" ConversionMultiplier="0.001"/>
		<Attribute Name="#% chance to Freeze, Shock, and Ignite" ConversionMultiplier="0.001"/>
		<Attribute Name="#% increased Damage with Poison" ConversionMultiplier="0.75" />
		<!--Increased Splash damage to other targets-->
		<Attribute Name="#% increased Area Damage" ConversionMultiplier="0.6" />
	</PseudoAttribute>
	<PseudoAttribute Name="#% increased SharedStrength Minion Damage" Group="Damage">
		<Attribute Name="+# to Strength" ConversionMultiplier="0.2" />
		<Attribute Name="Minions deal #% increased Damage" />
	</PseudoAttribute>
<!-- 	<PseudoAttribute Name="#% increased Total Critical Strike Chance with Spells" Group="Critical Strike">
		<Attribute Name="#% increased Critical Strike Chance" />
		<Attribute Name="#% increased Critical Strike Chance for Spells" />
	</PseudoAttribute>
	<PseudoAttribute Name="#% increased Total Critical Strike Chance with One-Handed Sword Attacks" Group="Critical Strike">
		<Attribute Name="#% increased Critical Strike Chance" />
		<Attribute Name="#% increased Critical Strike Chance with One Handed Melee Weapons" />
		<Attribute Name="#% increased Critical Strike Chance with Swords" />
	</PseudoAttribute>
	<PseudoAttribute Name="#% increased Total Elemental Damage with Spells" Group="Damage">
		<Attribute Name="#% increased Elemental Damage" />
		<Attribute Name="#% increased Spell Damage" />
	</PseudoAttribute>
	<PseudoAttribute Name="#% increased Total Elemental Damage with One-Handed Sword Attack Projectiles" Group="Damage">
		<Attribute Name="#% increased Elemental Damage" />
		<Attribute Name="#% increased Attack Damage" />
		<Attribute Name="#% increased Projectile Damage" />
		<Attribute Name="#% increased Elemental Damage with Weapons" />
	</PseudoAttribute>
	<PseudoAttribute Name="#% increased Total Elemental Damage with Projectile Spells" Group="Damage">
		<Attribute Name="#% increased Elemental Damage" />
		<Attribute Name="#% increased Spell Damage" />
		<Attribute Name="#% increased Projectile Damage" />
	</PseudoAttribute>
	<PseudoAttribute Name="#% increased Total Elemental Damage with Projectile Spells" Group="Damage">
		<Attribute Name="#% increased Elemental Damage" />
		<Attribute Name="#% increased Spell Damage" />
		<Attribute Name="#% increased Area Damage" />
	</PseudoAttribute>
	<PseudoAttribute Name="#% increased Total Elemental Damage with One-Handed Sword AOE Attacks" Group="Damage">
		<Attribute Name="#% increased Elemental Damage" />
		<Attribute Name="#% increased Attack Damage" />
		<Attribute Name="#% increased Area Damage" />
		<Attribute Name="#% increased Elemental Damage with Weapons" />
	</PseudoAttribute>
	<PseudoAttribute Name="#% increased Total Cold Area of Effect Damage" Group="Damage">
		<Attribute Name="#% increased Elemental Damage" />
		<Attribute Name="#% increased Cold Damage" />
		<Attribute Name="#% increased Area Damage" />
	</PseudoAttribute>
	<PseudoAttribute Name="#% increased Total Lightning Damage" Group="Damage">
		<Attribute Name="#% increased Elemental Damage" />
		<Attribute Name="#% increased Lightning Damage" />
	</PseudoAttribute>
	<PseudoAttribute Name="#% increased Total Fire Area of Effect Damage" Group="Damage">
		<Attribute Name="#% increased Elemental Damage" />
		<Attribute Name="#% increased Fire Damage" />
		<Attribute Name="#% increased Area Damage" />
	</PseudoAttribute>
	<PseudoAttribute Name="#% increased Total Chaos Area of Effect Damage" Group="Damage">
		<Attribute Name="#% increased Chaos Damage" />
		<Attribute Name="#% increased Area Damage" />
	</PseudoAttribute>
	<PseudoAttribute Name="#% increased Total Chaos Spell Area of Effect Damage" Group="Damage">
		<Attribute Name="#% increased Chaos Damage" />
		<Attribute Name="#% increased Area Damage" />
		<Attribute Name="#% increased Spell Damage" />
	</PseudoAttribute>
	<PseudoAttribute Name="+# maximum Energy Shield" Group="Defense">
		<Attribute Name="+# to maximum Energy Shield" />
	</PseudoAttribute>
	<PseudoAttribute Name="+# maximum Life" Group="Defense">
		<Attribute Name="+# to maximum Life" />
		<Attribute Name="+# to Strength" ConversionMultiplier="0.5" />
	</PseudoAttribute>
	<PseudoAttribute Name="#% increased Life Percent with 7% Life Jewels" Group="Defense">
		<Attribute Name="#% increased maximum Life" />
		<Attribute Name="+# to Jewel Socket" ConversionMultiplier="7.0" />
	</PseudoAttribute>
	<PseudoAttribute Name="+# maximum Life/Energy Shield" Group="Defense">
		<Attribute Name="+# to maximum Energy Shield" />
		<Attribute Name="+# to maximum Life" />
		<Attribute Name="+# to Strength" ConversionMultiplier="0.5" />
	</PseudoAttribute>
	<PseudoAttribute Name="#% increased Hybrid Life/ES Percent" Group="Defense">
		<Attribute Name="#% increased maximum Life" />
		<Attribute Name="#% increased maximum Energy Shield" />
		<Attribute Name="+# to Intelligence" ConversionMultiplier="0.2" />
	</PseudoAttribute>
	<PseudoAttribute Name="+# combined attributes" Group="Defense">
		<Attribute Name="+# to maximum Life" />
		<Attribute Name="+# to Strength" ConversionMultiplier="1.0" />
		<Attribute Name="+# to Intelligence" ConversionMultiplier="1.0" />
		<Attribute Name="+# to Dexterity" ConversionMultiplier="1.0" />
	</PseudoAttribute> -->
</PseudoAttributes>