<?xml version="1.0" encoding="utf-8"?>
<!-- Other pseudo attributes -->
<PseudoAttributes>
	<PseudoAttribute Name="#% increased Stun Duration on Enemies" Group="Other">
		<Attribute Name="#% increased Stun Duration on Enemies" />
		<Attribute Name="#% increased Stun Duration with {0} on Enemies">
			<Conditions>
				<AndComposition>
					<WeaponClass>{0}</WeaponClass>
					<Tag>Attack</Tag>
				</AndComposition>
			</Conditions>
		</Attribute>
	</PseudoAttribute>
	<PseudoAttribute Name="#% reduced Enemy Stun Threshold" Group="Other">
		<Attribute Name="#% reduced Enemy Stun Threshold" />
		<Attribute Name="#% reduced Enemy Stun Threshold with {0}">
			<Conditions>
				<AndComposition>
					<WeaponClass>{0}</WeaponClass>
					<Tag>Attack</Tag>
				</AndComposition>
			</Conditions>
		</Attribute>
	</PseudoAttribute>
</PseudoAttributes>