﻿<?xml version="1.0" encoding="utf-8" ?>
<TestData>
  <!-- Initial test builds -->
  <TestBuild>
    <TreeURL>https://poebuilder.com/character/AAAAAwEABLMLYQ3NFm8aOBo-HM4dFCSqKS4rUDH7Si5QR1cNWfNfP2aeaPJyD3Kpdn92rHuMfEt8uH31fuB_44TEj0aQVZZ0m1ieV6IAp6Wsqq2Nr2yvp8BmxPbGrs9-1YvZYeNq5FHqGO1E7w7wH_Gs8i_3MvrS_lQ=</TreeURL>
    <Level>51</Level>
    <BuildFile>init\Marauder-IceCrash-51.json</BuildFile>
    <ExpectDefence>
        Character
        Life: 2018
        Mana: 521
        Maximum Energy Shield: 12
        Strength: 284
        Dexterity: 107
        Intelligence: 104

        Defense
        Armour: 2272
        #FIXME Estimated Physical Damage reduction: 49%
        Evasion Rating: 431
        Estimated chance to Evade Attacks: 18%
        #FIXME Energy Shield Recharge per Second: 2.4
        #FIXME Life Regeneration per Second: 69.3
        Mana Regeneration per Second: 15.8
        # Bandits: +10 to all Elemental resistences
        #Fire Resistance: 76% (112%)
        #Cold Resistance: 75% (107%)
        #Lightning Resistance: 75% (106%)
        Fire Resistance: 76% (102%)
        Cold Resistance: 75% (97%)
        Lightning Resistance: 75% (96%)
        Chaos Resistance: 16% (16%)
        #FIXME Chance to Block Attacks: 22%
    </ExpectDefence>
    <ExpectOffence>
        Ice Crash
        # Bandits: +16% increased Physical Damage
        #Damage per Second: 1432.99
        #FIXME Chance to Hit: 88%
        #FIXME Attacks per Second: 1.55
        #Main Hand Total Combined Damage: 565-1445
        #Main Hand Physical Damage: 226-578
        #Main Hand Cold Damage: 339-867
        Main Hand Accuracy Rating: 785
        #TODO Main Hand Attack Speed Modifier: +35%
        #FIXME Main Hand Critical Strike Chance: 9.07%
        Main Hand Critical Strike Multiplier: 150%
    </ExpectOffence>
  </TestBuild>
</TestData>
