{"items":[{"verified":false,"w":1,"h":2,"icon":"\/gen\/image\/YTozOntpOjI7YTozOntz\/OjE6ImYiO3M6Mjk6IkFy\/dC8yREl0ZW1zL0ZsYXNr\/cy9saWZlZmxhc2s4Ijtz\/OjI6InNwIjtkOjAuNjA4\/NTE5MjY5Nzc2ODc2MzE0\/ODE0NzI4NjMwMTUzNjk1\/MTIxNDA3NTA4ODUwMDk3\/NjU2MjU7czo1OiJsZXZl\/bCI7aToxO31pOjE7aTo0\/O2k6MDtpOjk7fQ,,\/2244380be0\/Item.png","support":true,"league":"Warbands","sockets":[],"name":"","typeLine":"Ample Hallowed Life Flask of Iron Skin","identified":true,"corrupted":false,"lockedToCharacter":false,"properties":[{"name":"Recovers %0 Life over %1 Seconds","values":[["1990",0],["8.00",0]],"displayMode":3},{"name":"Consumes %0 of %1 Charges on use","values":[["10",0],["45",1]],"displayMode":3},{"name":"Currently has %0 Charges","values":[["45",0]],"displayMode":3}],"requirements":[{"name":"Level","values":[["42",0]],"displayMode":0}],"explicitMods":["+15 Extra Charges","64% increased Armour during Flask effect"],"descrText":"Right click to drink. Can only hold charges while in belt. Refills as you kill monsters.","frameType":1,"x":0,"y":0,"inventoryId":"Flask","socketedItems":[]},{"verified":false,"w":1,"h":2,"icon":"\/gen\/image\/YTozOntpOjI7YTozOntz\/OjE6ImYiO3M6Mjk6IkFy\/dC8yREl0ZW1zL0ZsYXNr\/cy9saWZlZmxhc2s4Ijtz\/OjI6InNwIjtkOjAuNjA4\/NTE5MjY5Nzc2ODc2MzE0\/ODE0NzI4NjMwMTUzNjk1\/MTIxNDA3NTA4ODUwMDk3\/NjU2MjU7czo1OiJsZXZl\/bCI7aToxO31pOjE7aTo0\/O2k6MDtpOjk7fQ,,\/2244380be0\/Item.png","support":true,"league":"Warbands","sockets":[],"name":"","typeLine":"Catalysed Hallowed Life Flask of Heat","identified":true,"corrupted":false,"lockedToCharacter":false,"properties":[{"name":"Recovers %0 Life over %1 Seconds","values":[["1990",0],["5.30",1]],"displayMode":3},{"name":"Consumes %0 of %1 Charges on use","values":[["10",0],["30",0]],"displayMode":3},{"name":"Currently has %0 Charges","values":[["30",0]],"displayMode":3}],"requirements":[{"name":"Level","values":[["42",0]],"displayMode":0}],"explicitMods":["50% increased Recovery Speed","Immunity to Freeze and Chill during Flask effect","Removes Freeze and Chill on use"],"descrText":"Right click to drink. Can only hold charges while in belt. Refills as you kill monsters.","frameType":1,"x":1,"y":0,"inventoryId":"Flask","socketedItems":[]},{"verified":false,"w":2,"h":4,"icon":"https:\/\/p7p4m6s5.ssl.hwcdn.net\/image\/Art\/2DItems\/Weapons\/TwoHandWeapons\/Staves\/Staff2.png?scale=1&w=2&h=4&v=602678580ff3ef97c97b89379faef4133","support":true,"league":"Warbands","sockets":[{"group":0,"attr":"S"},{"group":0,"attr":"S"},{"group":1,"attr":"I"}],"name":"","typeLine":"Primitive Staff","identified":true,"corrupted":false,"lockedToCharacter":false,"properties":[{"name":"Staff","values":[],"displayMode":0},{"name":"Physical Damage","values":[["9-28",0]],"displayMode":0},{"name":"Critical Strike Chance","values":[["6.80%",0]],"displayMode":0},{"name":"Attacks per Second","values":[["1.25",0]],"displayMode":0}],"requirements":[{"name":"Level","values":[["49",0]],"displayMode":0},{"name":"Str","values":[["79",0]],"displayMode":1},{"name":"Int","values":[["20",0]],"displayMode":1}],"implicitMods":["12% Chance to Block"],"frameType":0,"x":0,"y":0,"inventoryId":"Weapon2","socketedItems":[{"verified":false,"w":1,"h":1,"icon":"https:\/\/p7p4m6s5.ssl.hwcdn.net\/image\/Art\/2DItems\/Gems\/Support\/LifeonHit.png?scale=1&w=1&h=1&v=1a15d95d5d29c1d1b92e3ad0193028a83","support":true,"sockets":[],"name":"","typeLine":"Life Gain on Hit","identified":true,"corrupted":false,"lockedToCharacter":false,"properties":[{"name":"Attack, Support","values":[],"displayMode":0},{"name":"Level","values":[["13",0]],"displayMode":0},{"name":"Mana Multiplier","values":[["150%",0]],"displayMode":0}],"additionalProperties":[{"name":"Experience","values":[["739390\/1964019",0]],"displayMode":2,"progress":0.376467853785}],"requirements":[{"name":"Level","values":[["49",0]],"displayMode":0},{"name":"Str","values":[["79",0]],"displayMode":1}],"explicitMods":["+30 Life gained for each enemy hit by Supported Attack"],"descrText":"This is a Support Gem. It does not grant a bonus to your character, but to skills in sockets connected to it. Place into an item socket connected to a socket containing the Active Skill Gem you wish to augment. Right click to remove from a socket.","frameType":4,"socket":0,"colour":"S","socketedItems":[]}]},{"verified":false,"w":1,"h":1,"icon":"https:\/\/p7p4m6s5.ssl.hwcdn.net\/image\/Art\/2DItems\/Currency\/CurrencyPortal.png?scale=1&stackSize=22&w=1&h=1&v=728696ea10d4fb1e789039debc5d8c3c3","support":true,"league":"Warbands","sockets":[],"name":"","typeLine":"Portal Scroll","identified":true,"corrupted":false,"lockedToCharacter":false,"properties":[{"name":"Stack Size","values":[["22\/40",0]],"displayMode":0}],"explicitMods":["Creates a portal to town"],"descrText":"Right click on this item to use it.\nShift click to unstack.","frameType":5,"x":1,"y":4,"inventoryId":"MainInventory","socketedItems":[]},{"verified":false,"w":1,"h":1,"icon":"https:\/\/p7p4m6s5.ssl.hwcdn.net\/image\/Art\/2DItems\/Currency\/CurrencyIdentification.png?scale=1&stackSize=19&w=1&h=1&v=1b9b38c45be95c59d8900f91b2afd58b3","support":true,"league":"Warbands","sockets":[],"name":"","typeLine":"Scroll of Wisdom","identified":true,"corrupted":false,"lockedToCharacter":false,"properties":[{"name":"Stack Size","values":[["19\/40",0]],"displayMode":0}],"explicitMods":["Identifies an item"],"descrText":"Right click this item then left click an unidentified item to apply it.\nShift click to unstack.","frameType":5,"x":0,"y":4,"inventoryId":"MainInventory","socketedItems":[]},{"verified":false,"w":1,"h":2,"icon":"\/gen\/image\/YTozOntpOjI7YTozOntz\/OjE6ImYiO3M6Mjk6IkFy\/dC8yREl0ZW1zL0ZsYXNr\/cy9tYW5hZmxhc2s1Ijtz\/OjI6InNwIjtkOjAuNjA4\/NTE5MjY5Nzc2ODc2MzE0\/ODE0NzI4NjMwMTUzNjk1\/MTIxNDA3NTA4ODUwMDk3\/NjU2MjU7czo1OiJsZXZl\/bCI7aToxO31pOjE7aTo0\/O2k6MDtpOjk7fQ,,\/ac4404fa2b\/Item.png","support":true,"league":"Warbands","sockets":[],"name":"","typeLine":"Perpetual Grand Mana Flask of Steadiness","identified":true,"corrupted":false,"lockedToCharacter":false,"properties":[{"name":"Recovers %0 Mana over %1 Seconds","values":[["210",0],["10.00",0]],"displayMode":3},{"name":"Consumes %0 of %1 Charges on use","values":[["8",0],["30",0]],"displayMode":3},{"name":"Currently has %0 Charges","values":[["30",0]],"displayMode":3}],"requirements":[{"name":"Level","values":[["18",0]],"displayMode":0}],"explicitMods":["22% increased Charge Recovery","59% increased Stun Recovery during Flask effect"],"descrText":"Right click to drink. Can only hold charges while in belt. Refills as you kill monsters.","frameType":1,"x":4,"y":0,"inventoryId":"Flask","socketedItems":[]},{"verified":false,"w":1,"h":2,"icon":"\/gen\/image\/YTozOntpOjI7YTozOntz\/OjE6ImYiO3M6Mjc6IkFy\/dC8yREl0ZW1zL0ZsYXNr\/cy9zYXBwaGlyZSI7czoy\/OiJzcCI7ZDowLjYwODUx\/OTI2OTc3Njg3NjMxNDgx\/NDcyODYzMDE1MzY5NTEy\/MTQwNzUwODg1MDA5NzY1\/NjI1O3M6NToibGV2ZWwi\/O2k6MTt9aToxO2k6NDtp\/OjA7aTo5O30,\/989d58acbf\/Item.png","support":true,"league":"Warbands","sockets":[],"name":"","typeLine":"Surgeon's Sapphire Flask of Craving","identified":true,"corrupted":false,"lockedToCharacter":false,"properties":[{"name":"Lasts %0 Seconds","values":[["3.50",0]],"displayMode":3},{"name":"Consumes %0 of %1 Charges on use","values":[["30",0],["60",0]],"displayMode":3},{"name":"Currently has %0 Charges","values":[["60",0]],"displayMode":3},{"name":"","values":[["+10% to maximum Cold Resistance",1]],"displayMode":0},{"name":"","values":[["+50% to Cold Resistance",1]],"displayMode":0}],"requirements":[{"name":"Level","values":[["18",0]],"displayMode":0}],"explicitMods":["0.4% of Physical Attack Damage Leeched as Mana during Flask effect","Recharges 1 Charge when you deal a Critical Strike"],"descrText":"Right click to drink. Can only hold charges while in belt. Refills as you kill monsters.","frameType":1,"x":2,"y":0,"inventoryId":"Flask","socketedItems":[]},{"verified":false,"w":2,"h":1,"icon":"https:\/\/p7p4m6s5.ssl.hwcdn.net\/image\/Art\/2DItems\/Belts\/Belt1.png?scale=1&w=2&h=1&v=a40ff49a65beb9e722af0f85159432f13","support":true,"league":"Warbands","sockets":[],"name":"Hypnotic Girdle","typeLine":"Rustic Sash","identified":true,"corrupted":false,"lockedToCharacter":false,"requirements":[{"name":"Level","values":[["11",0]],"displayMode":0}],"implicitMods":["22% increased Physical Damage"],"explicitMods":["+7 to maximum Life","+8% to Fire Resistance","+17% to Cold Resistance","14% increased Stun Duration on Enemies","19% increased Flask Life Recovery rate"],"frameType":2,"x":0,"y":0,"inventoryId":"Belt","socketedItems":[]},{"verified":false,"w":1,"h":1,"icon":"https:\/\/p7p4m6s5.ssl.hwcdn.net\/image\/Art\/2DItems\/Rings\/DiamondRing.png?scale=1&w=1&h=1&v=d53fabd123b7c64d59ffe8a6baf7d7783","support":true,"league":"Warbands","sockets":[],"name":"Glyph Coil","typeLine":"Diamond Ring","identified":true,"corrupted":false,"lockedToCharacter":false,"requirements":[{"name":"Level","values":[["42",0]],"displayMode":0}],"implicitMods":["26% increased Global Critical Strike Chance"],"explicitMods":["+13 to Strength","31% increased Mana Regeneration Rate","23% increased Rarity of Items found","0.39% of Physical Attack Damage Leeched as Mana"],"frameType":2,"x":0,"y":0,"inventoryId":"Ring","socketedItems":[]},{"verified":false,"w":2,"h":3,"icon":"https:\/\/p7p4m6s5.ssl.hwcdn.net\/image\/Art\/2DItems\/Armours\/BodyArmours\/BodyStr3C.png?scale=1&w=2&h=3&v=6bbdcc26e9e31b2cf79a6f0fecdf573f3","support":true,"league":"Warbands","sockets":[{"group":0,"attr":"D"},{"group":0,"attr":"S"},{"group":0,"attr":"S"},{"group":0,"attr":"D"}],"name":"Blight Pelt","typeLine":"Lordly Plate","identified":true,"corrupted":false,"lockedToCharacter":false,"properties":[{"name":"Armour","values":[["438",1]],"displayMode":0}],"requirements":[{"name":"Level","values":[["50",0]],"displayMode":0},{"name":"Str","values":[["113",0]],"displayMode":1},{"name":"Dex","values":[["83",0]],"displayMode":1}],"explicitMods":["74% increased Armour","+45 to maximum Life","+10% to Fire Resistance","+21% to Cold Resistance"],"frameType":2,"x":0,"y":0,"inventoryId":"BodyArmour","socketedItems":[{"verified":false,"w":1,"h":1,"icon":"https:\/\/p7p4m6s5.ssl.hwcdn.net\/image\/Art\/2DItems\/Gems\/Support\/ManaLeech.png?scale=1&w=1&h=1&v=65f64def381fa1b48be713623653129c3","support":true,"sockets":[],"name":"","typeLine":"Mana Leech","identified":true,"corrupted":false,"lockedToCharacter":false,"properties":[{"name":"Support","values":[],"displayMode":0},{"name":"Level","values":[["8",0]],"displayMode":0}],"additionalProperties":[{"name":"Experience","values":[["1129576\/1355511",0]],"displayMode":2,"progress":0.833321154118}],"requirements":[{"name":"Level","values":[["46",0]],"displayMode":0},{"name":"Dex","values":[["75",0]],"displayMode":1}],"explicitMods":["2% of Damage Leeched as Mana","14% increased Mana Leeched per second"],"descrText":"This is a Support Gem. It does not grant a bonus to your character, but to skills in sockets connected to it. Place into an item socket connected to a socket containing the Active Skill Gem you wish to augment. Right click to remove from a socket.","frameType":4,"socket":0,"colour":"D","socketedItems":[]},{"verified":false,"w":1,"h":1,"icon":"https:\/\/p7p4m6s5.ssl.hwcdn.net\/image\/Art\/2DItems\/Gems\/Support\/LifeLeech.png?scale=1&w=1&h=1&v=a286b7cb68bee2319a14a80c1e4bcf9c3","support":true,"sockets":[],"name":"","typeLine":"Life Leech","identified":true,"corrupted":false,"lockedToCharacter":false,"properties":[{"name":"Support","values":[],"displayMode":0},{"name":"Level","values":[["10",0]],"displayMode":0},{"name":"Mana Multiplier","values":[["130%",0]],"displayMode":0}],"additionalProperties":[{"name":"Experience","values":[["29620\/1368233",0]],"displayMode":2,"progress":0.0216483604163}],"requirements":[{"name":"Level","values":[["50",0]],"displayMode":0},{"name":"Str","values":[["81",0]],"displayMode":1}],"explicitMods":["2% of Damage Leeched as Life","18% increased Life Leeched per second"],"descrText":"This is a Support Gem. It does not grant a bonus to your character, but to skills in sockets connected to it. Place into an item socket connected to a socket containing the Active Skill Gem you wish to augment. Right click to remove from a socket.","frameType":4,"socket":1,"colour":"S","socketedItems":[]},{"verified":false,"w":1,"h":1,"icon":"https:\/\/p7p4m6s5.ssl.hwcdn.net\/image\/Art\/2DItems\/Gems\/Vengeance.png?scale=1&w=1&h=1&v=bd80ed41ee846d6c7c506e9331d1b3fa3","support":false,"sockets":[],"name":"","typeLine":"Vengeance","identified":true,"corrupted":false,"lockedToCharacter":false,"properties":[{"name":"Trigger, Attack, AoE, Melee","values":[],"displayMode":0},{"name":"Level","values":[["10",0]],"displayMode":0},{"name":"Mana Cost","values":[["0",0]],"displayMode":0},{"name":"Cooldown Time","values":[["1.20 sec",0]],"displayMode":0}],"additionalProperties":[{"name":"Experience","values":[["93809\/1368233",0]],"displayMode":2,"progress":0.0685621500015}],"requirements":[{"name":"Level","values":[["50",0]],"displayMode":0},{"name":"Str","values":[["113",0]],"displayMode":1}],"secDescrText":"Chance to perform a swift counter-attack against all enemies around you when you are hit. Weapon range increases the area of this attack.","explicitMods":["Deals 93% of Base Attack Damage","30% chance to Counterattack with this Skill when Hit","You cannot use this Attack directly"],"descrText":"Place into an item socket of the right colour to gain this skill. Right click to remove from a socket.","frameType":4,"socket":2,"colour":"S","socketedItems":[]},{"verified":false,"w":1,"h":1,"icon":"https:\/\/p7p4m6s5.ssl.hwcdn.net\/image\/Art\/2DItems\/Gems\/Riposte.png?scale=1&w=1&h=1&v=a0770722081105ccb4c465ded9e397a83","support":false,"sockets":[],"name":"","typeLine":"Riposte","identified":true,"corrupted":false,"lockedToCharacter":false,"properties":[{"name":"Trigger, Attack, Melee","values":[],"displayMode":0},{"name":"Level","values":[["10",0]],"displayMode":0},{"name":"Mana Cost","values":[["0",0]],"displayMode":0},{"name":"Cooldown Time","values":[["0.80 sec",0]],"displayMode":0}],"additionalProperties":[{"name":"Experience","values":[["514652\/703128",0]],"displayMode":2,"progress":0.731946408749}],"requirements":[{"name":"Level","values":[["36",0]],"displayMode":0},{"name":"Dex","values":[["83",0]],"displayMode":1}],"secDescrText":"Perform a deadly counter-attack when you block. Uses both weapons while you're dual wielding.","explicitMods":["Deals 118% of Base Attack Damage","Counterattack with this Skill when you Block","You cannot use this Attack directly"],"descrText":"Place into an item socket of the right colour to gain this skill. Right click to remove from a socket.","frameType":4,"socket":3,"colour":"D","socketedItems":[]}]},{"verified":false,"w":2,"h":4,"icon":"https:\/\/p7p4m6s5.ssl.hwcdn.net\/image\/Art\/2DItems\/Weapons\/TwoHandWeapons\/Staves\/Staff6.png?scale=1&w=2&h=4&v=ccc106c7e8f98ac8a4e0fbadf9985e223","support":true,"league":"Warbands","sockets":[{"group":0,"attr":"S"},{"group":0,"attr":"S"},{"group":0,"attr":"S"},{"group":0,"attr":"D"}],"name":"Brimstone Spire","typeLine":"Royal Staff","identified":true,"corrupted":false,"lockedToCharacter":false,"properties":[{"name":"Staff","values":[],"displayMode":0},{"name":"Quality","values":[["+20%",1]],"displayMode":0},{"name":"Physical Damage","values":[["60-155",1]],"displayMode":0},{"name":"Critical Strike Chance","values":[["7.20%",0]],"displayMode":0},{"name":"Attacks per Second","values":[["1.32",1]],"displayMode":0}],"requirements":[{"name":"Level","values":[["50",0]],"displayMode":0},{"name":"Str","values":[["81",0]],"displayMode":1},{"name":"Dex","values":[["81",0]],"displayMode":1},{"name":"Int","values":[["51",0]],"displayMode":1}],"implicitMods":["12% Chance to Block"],"explicitMods":["56% increased Physical Damage","Adds 11-18 Physical Damage","15% increased Attack Speed","+4 Life gained for each Enemy hit by Attacks","+65 to Accuracy Rating"],"frameType":2,"x":0,"y":0,"inventoryId":"Weapon","socketedItems":[{"verified":false,"w":1,"h":1,"icon":"https:\/\/p7p4m6s5.ssl.hwcdn.net\/image\/Art\/2DItems\/Gems\/IceCrashGem.png?scale=1&w=1&h=1&v=69dfe7e90fb5af10a38df416f165eca13","support":false,"sockets":[],"name":"","typeLine":"Ice Crash","identified":true,"corrupted":false,"lockedToCharacter":false,"properties":[{"name":"Attack, AoE, Cold, Melee","values":[],"displayMode":0},{"name":"Level","values":[["10",0]],"displayMode":0},{"name":"Mana Cost","values":[["14",0]],"displayMode":0}],"additionalProperties":[{"name":"Experience","values":[["55658\/1368233",0]],"displayMode":2,"progress":0.040678743273}],"requirements":[{"name":"Level","values":[["50",0]],"displayMode":0},{"name":"Str","values":[["71",0]],"displayMode":1},{"name":"Int","values":[["49",0]],"displayMode":1}],"secDescrText":"Slam the ground with your main hand weapon, damaging enemies in an area around the impact in three stages. Enemies take slightly less damage on the second and third stage. Works with Swords, Maces, Axes, Staves and Unarmed. Cannot be used with Multistrike.","explicitMods":["Deals 166.2% of Base Attack Damage","25% less Attack Speed","50% of Physical Damage converted to Cold Damage","Second Stage deals 20% less Damage","Third Stage deals 40% less Damage"],"descrText":"Place into an item socket of the right colour to gain this skill. Right click to remove from a socket.","frameType":4,"socket":0,"colour":"S","socketedItems":[]},{"verified":false,"w":1,"h":1,"icon":"https:\/\/p7p4m6s5.ssl.hwcdn.net\/image\/Art\/2DItems\/Gems\/Support\/IncreasedPhysicalDamage.png?scale=1&w=1&h=1&v=217781293d9d65ecc9e283feacadd2323","support":true,"sockets":[],"name":"","typeLine":"Melee Physical Damage","identified":true,"corrupted":false,"lockedToCharacter":false,"properties":[{"name":"Melee, Support, Attack","values":[],"displayMode":0},{"name":"Level","values":[["11",0]],"displayMode":0},{"name":"Mana Multiplier","values":[["140%",0]],"displayMode":0}],"additionalProperties":[{"name":"Experience","values":[["149929\/2151030",0]],"displayMode":2,"progress":0.0697010233998}],"requirements":[{"name":"Level","values":[["50",0]],"displayMode":0},{"name":"Str","values":[["81",0]],"displayMode":1}],"explicitMods":["40% more Melee Physical Damage"],"descrText":"This is a Support Gem. It does not grant a bonus to your character, but to skills in sockets connected to it. Place into an item socket connected to a socket containing the Active Skill Gem you wish to augment. Right click to remove from a socket.","frameType":4,"socket":1,"colour":"S","socketedItems":[]},{"verified":false,"w":1,"h":1,"icon":"https:\/\/p7p4m6s5.ssl.hwcdn.net\/image\/Art\/2DItems\/Gems\/Support\/WeaponElementalDamage.png?scale=1&w=1&h=1&v=d4747417db3cc97e4cefa260fa65557f3","support":true,"sockets":[],"name":"","typeLine":"Weapon Elemental Damage","identified":true,"corrupted":false,"lockedToCharacter":false,"properties":[{"name":"Attack, Support","values":[],"displayMode":0},{"name":"Level","values":[["11",0]],"displayMode":0},{"name":"Mana Multiplier","values":[["140%",0]],"displayMode":0}],"additionalProperties":[{"name":"Experience","values":[["149929\/2151030",0]],"displayMode":2,"progress":0.0697010233998}],"requirements":[{"name":"Level","values":[["50",0]],"displayMode":0},{"name":"Str","values":[["51",0]],"displayMode":1},{"name":"Int","values":[["35",0]],"displayMode":1}],"explicitMods":["50% more Weapon Elemental Damage"],"descrText":"This is a Support Gem. It does not grant a bonus to your character, but to skills in sockets connected to it. Place into an item socket connected to a socket containing the Active Skill Gem you wish to augment. Right click to remove from a socket.","frameType":4,"socket":2,"colour":"S","socketedItems":[]},{"verified":false,"w":1,"h":1,"icon":"https:\/\/p7p4m6s5.ssl.hwcdn.net\/image\/Art\/2DItems\/Gems\/Support\/FasterAttacks.png?scale=1&w=1&h=1&v=c14203f7b19650861907a30a92e3b6fe3","support":true,"sockets":[],"name":"","typeLine":"Faster Attacks","identified":true,"corrupted":false,"lockedToCharacter":false,"properties":[{"name":"Attack, Support","values":[],"displayMode":0},{"name":"Level","values":[["11",0]],"displayMode":0},{"name":"Mana Multiplier","values":[["115%",0]],"displayMode":0}],"additionalProperties":[{"name":"Experience","values":[["71338\/2151030",0]],"displayMode":2,"progress":0.033164575696}],"requirements":[{"name":"Level","values":[["50",0]],"displayMode":0},{"name":"Dex","values":[["81",0]],"displayMode":1}],"explicitMods":["35% increased Attack Speed"],"descrText":"This is a Support Gem. It does not grant a bonus to your character, but to skills in sockets connected to it. Place into an item socket connected to a socket containing the Active Skill Gem you wish to augment. Right click to remove from a socket.","frameType":4,"socket":3,"colour":"D","socketedItems":[]}]},{"verified":false,"w":1,"h":1,"icon":"https:\/\/p7p4m6s5.ssl.hwcdn.net\/image\/Art\/2DItems\/Rings\/Ring5.png?scale=1&w=1&h=1&v=d645f9adfc012c52674c94d16b4292b23","support":true,"league":"Warbands","sockets":[],"name":"Gale Loop","typeLine":"Topaz Ring","identified":true,"corrupted":false,"lockedToCharacter":false,"requirements":[{"name":"Level","values":[["33",0]],"displayMode":0}],"implicitMods":["+27% to Lightning Resistance"],"explicitMods":["Adds 3-6 Physical Damage to Attacks","+9 to Dexterity","4 Life Regenerated per second","+18 to maximum Mana","42% increased Mana Regeneration Rate"],"frameType":2,"x":0,"y":0,"inventoryId":"Ring2","socketedItems":[]},{"verified":false,"w":1,"h":2,"icon":"\/gen\/image\/YTozOntpOjI7YTozOntz\/OjE6ImYiO3M6MjQ6IkFy\/dC8yREl0ZW1zL0ZsYXNr\/cy90b3BheiI7czoyOiJz\/cCI7ZDowLjYwODUxOTI2\/OTc3Njg3NjMxNDgxNDcy\/ODYzMDE1MzY5NTEyMTQw\/NzUwODg1MDA5NzY1NjI1\/O3M6NToibGV2ZWwiO2k6\/MTt9aToxO2k6NDtpOjA7\/aTo5O30,\/97e960b2d4\/Item.png","support":true,"league":"Warbands","sockets":[],"name":"","typeLine":"Superior Topaz Flask","identified":true,"corrupted":false,"lockedToCharacter":false,"properties":[{"name":"Quality","values":[["+20%",1]],"displayMode":0},{"name":"Lasts %0 Seconds","values":[["4.20",1]],"displayMode":3},{"name":"Consumes %0 of %1 Charges on use","values":[["30",0],["60",0]],"displayMode":3},{"name":"Currently has %0 Charges","values":[["60",0]],"displayMode":3},{"name":"","values":[["+10% to maximum Lightning Resistance",1]],"displayMode":0},{"name":"","values":[["+50% to Lightning Resistance",1]],"displayMode":0}],"requirements":[{"name":"Level","values":[["18",0]],"displayMode":0}],"descrText":"Right click to drink. Can only hold charges while in belt. Refills as you kill monsters.","frameType":0,"x":3,"y":0,"inventoryId":"Flask","socketedItems":[]},{"verified":false,"w":2,"h":2,"icon":"https:\/\/p7p4m6s5.ssl.hwcdn.net\/image\/Art\/2DItems\/Armours\/Gloves\/GlovesStr2.png?scale=1&w=2&h=2&v=02bb6bfc0c0385695c4fdfa0a5fed5363","support":true,"league":"Warbands","sockets":[{"group":0,"attr":"S"}],"name":"Havoc Palm","typeLine":"Antique Gauntlets","identified":true,"corrupted":false,"lockedToCharacter":false,"properties":[{"name":"Armour","values":[["212",1]],"displayMode":0}],"requirements":[{"name":"Level","values":[["48",0]],"displayMode":0},{"name":"Str","values":[["109",0]],"displayMode":1}],"explicitMods":["12% increased Attack Speed","+23 to Accuracy Rating","+29 to Armour","50% increased Armour","+52 to maximum Life","+24% to Cold Resistance"],"frameType":2,"x":0,"y":0,"inventoryId":"Gloves","socketedItems":[{"verified":false,"w":1,"h":1,"icon":"https:\/\/p7p4m6s5.ssl.hwcdn.net\/image\/Art\/2DItems\/Gems\/LeapSlam.png?scale=1&w=1&h=1&v=73d0b5f9f1c52f0e0e87f74a80a549ab3","support":false,"sockets":[],"name":"","typeLine":"Leap Slam","identified":true,"corrupted":false,"lockedToCharacter":false,"properties":[{"name":"Attack, AoE, Movement, Melee","values":[],"displayMode":0},{"name":"Level","values":[["12",0]],"displayMode":0},{"name":"Mana Cost","values":[["16",0]],"displayMode":0}],"additionalProperties":[{"name":"Experience","values":[["1275847\/1791769",0]],"displayMode":2,"progress":0.71205997467}],"requirements":[{"name":"Level","values":[["48",0]],"displayMode":0},{"name":"Str","values":[["109",0]],"displayMode":1}],"secDescrText":"Jump into the air, damaging enemies (and knocking back some) with your main hand where you land. Enemies you would land on are pushed out of the way. Requires an axe, mace, sword or staff.","explicitMods":["20% chance to Knock Enemies Back on hit","Deals 113.2% of Base Attack Damage"],"descrText":"Place into an item socket of the right colour to gain this skill. Right click to remove from a socket.","frameType":4,"socket":0,"colour":"S","socketedItems":[]}]},{"verified":false,"w":2,"h":2,"icon":"https:\/\/p7p4m6s5.ssl.hwcdn.net\/image\/Art\/2DItems\/Armours\/Boots\/BootsStr2.png?scale=1&w=2&h=2&v=399734b915715a11364011fd9451b3703","support":true,"league":"Warbands","sockets":[{"group":0,"attr":"I"},{"group":0,"attr":"S"},{"group":1,"attr":"S"}],"name":"Agony Goad","typeLine":"Antique Greaves","identified":true,"corrupted":false,"lockedToCharacter":false,"properties":[{"name":"Armour","values":[["188",1]],"displayMode":0}],"requirements":[{"name":"Level","values":[["49",0]],"displayMode":0},{"name":"Str","values":[["111",0]],"displayMode":1}],"explicitMods":["77% increased Armour","+17% to Fire Resistance","+34% to Lightning Resistance","15% increased Movement Speed"],"frameType":2,"x":0,"y":0,"inventoryId":"Boots","socketedItems":[{"verified":false,"w":1,"h":1,"icon":"https:\/\/p7p4m6s5.ssl.hwcdn.net\/image\/Art\/2DItems\/Gems\/EnduringCry.png?scale=1&w=1&h=1&v=0d2d8a9713adc2828f4626110eaee3ef3","support":false,"sockets":[],"name":"","typeLine":"Enduring Cry","identified":true,"corrupted":false,"lockedToCharacter":false,"properties":[{"name":"Warcry, AoE, Duration","values":[],"displayMode":0},{"name":"Level","values":[["11",0]],"displayMode":0},{"name":"Mana Cost","values":[["20",0]],"displayMode":0},{"name":"Cooldown Time","values":[["4.00 sec",0]],"displayMode":0}],"additionalProperties":[{"name":"Experience","values":[["739390\/1964019",0]],"displayMode":2,"progress":0.376467853785}],"requirements":[{"name":"Level","values":[["49",0]],"displayMode":0},{"name":"Str","values":[["111",0]],"displayMode":1}],"secDescrText":"Performs a warcry, adding endurance charges proportional to the number of surrounding enemies and granting life regeneration to you for a short time if there are nearby enemies. Taunts all nearby enemies to attack the user. Shares a cooldown with other Warcry skills.","explicitMods":["Base duration is 0.75 seconds","27 Endurance Charges granted per one hundred nearby enemies","216 Life regenerated per second"],"descrText":"Place into an item socket of the right colour to gain this skill. Right click to remove from a socket.","frameType":4,"socket":1,"colour":"S","socketedItems":[]}]},{"verified":false,"w":2,"h":2,"icon":"https:\/\/p7p4m6s5.ssl.hwcdn.net\/image\/Art\/2DItems\/Armours\/Helmets\/HelmetStrDex4.png?scale=1&w=2&h=2&v=914c35569f1e1f0f521c1e25b882a27e3","support":true,"league":"Warbands","sockets":[{"group":0,"attr":"D"},{"group":0,"attr":"D"},{"group":0,"attr":"S"}],"name":"Dragon Visor","typeLine":"Gilded Sallet","identified":true,"corrupted":false,"lockedToCharacter":false,"properties":[{"name":"Quality","values":[["+10%",1]],"displayMode":0},{"name":"Armour","values":[["397",1]],"displayMode":0},{"name":"Evasion Rating","values":[["150",1]],"displayMode":0}],"requirements":[{"name":"Level","values":[["50",0]],"displayMode":0},{"name":"Str","values":[["70",0]],"displayMode":1},{"name":"Dex","values":[["71",0]],"displayMode":1},{"name":"Int","values":[["49",0]],"displayMode":1}],"explicitMods":["+29 to Strength","+139 to Accuracy Rating","+129 to Armour","82% increased Armour and Evasion","+24% to Fire Resistance"],"craftedMods":["+52 to maximum Life"],"frameType":2,"x":0,"y":0,"inventoryId":"Helm","socketedItems":[{"verified":false,"w":1,"h":1,"icon":"https:\/\/p7p4m6s5.ssl.hwcdn.net\/image\/Art\/2DItems\/Gems\/IceElementalSummon.png?scale=1&w=1&h=1&v=1b52528f1e7cc3eee5ec2e26e661fc2f3","support":false,"sockets":[],"name":"","typeLine":"Summon Ice Golem","identified":true,"corrupted":false,"lockedToCharacter":false,"properties":[{"name":"Golem, Spell, Minion, Cold","values":[],"displayMode":0},{"name":"Level","values":[["9",0]],"displayMode":0},{"name":"Mana Cost","values":[["44",0]],"displayMode":0},{"name":"Cooldown Time","values":[["6.00 sec",0]],"displayMode":0},{"name":"Cast Time","values":[["1.00 sec",0]],"displayMode":0}],"additionalProperties":[{"name":"Experience","values":[["29620\/1368233",0]],"displayMode":2,"progress":0.0216483604163}],"requirements":[{"name":"Level","values":[["50",0]],"displayMode":0},{"name":"Dex","values":[["71",0]],"displayMode":1},{"name":"Int","values":[["49",0]],"displayMode":1}],"secDescrText":"Summons an Ice Golem that grants you increased Critical Strike Chance and Accuracy while active. The Ice Golem can use an icy barrage spell and a chilling spinning dash in addition to its melee attack.","explicitMods":["46% increased Minion Maximum Life","Golems Grant 24% increased Critical Strike Chance","Golems Grant 24% increased Accuracy"],"descrText":"Place into an item socket of the right colour to gain this skill. Right click to remove from a socket.","frameType":4,"socket":0,"colour":"D","socketedItems":[]},{"verified":false,"w":1,"h":1,"icon":"https:\/\/p7p4m6s5.ssl.hwcdn.net\/image\/Art\/2DItems\/Gems\/Hatred.png?scale=1&w=1&h=1&v=37205cdc1ceb1f70b66d9ca6b6e7ad4c3","support":false,"sockets":[],"name":"","typeLine":"Hatred","identified":true,"corrupted":false,"lockedToCharacter":false,"properties":[{"name":"Aura, Spell, AoE, Cold","values":[],"displayMode":0},{"name":"Level","values":[["10",0]],"displayMode":0},{"name":"Mana Reserved","values":[["50%",0]],"displayMode":0},{"name":"Cooldown Time","values":[["1.20 sec",0]],"displayMode":0},{"name":"Cast Time","values":[["1.20 sec",0]],"displayMode":0}],"additionalProperties":[{"name":"Experience","values":[["93809\/1368233",0]],"displayMode":2,"progress":0.0685621500015}],"requirements":[{"name":"Level","values":[["50",0]],"displayMode":0},{"name":"Dex","values":[["71",0]],"displayMode":1},{"name":"Int","values":[["49",0]],"displayMode":1}],"secDescrText":"Casts an aura that increases the cold damage of you and your allies.","explicitMods":["25% increased Area of Effect radius","You and nearby allies gain 30% of your Physical Damage as Extra Cold Damage"],"descrText":"Place into an item socket of the right colour to gain this skill. Right click to remove from a socket.","frameType":4,"socket":1,"colour":"D","socketedItems":[]},{"verified":false,"w":1,"h":1,"icon":"https:\/\/p7p4m6s5.ssl.hwcdn.net\/image\/Art\/2DItems\/Gems\/HeraldofAsh.png?scale=1&w=1&h=1&v=903b51c969ee894214474024989a9c673","support":false,"sockets":[],"name":"","typeLine":"Herald of Ash","identified":true,"corrupted":false,"lockedToCharacter":false,"properties":[{"name":"Spell, AoE, Fire","values":[],"displayMode":0},{"name":"Level","values":[["11",0]],"displayMode":0},{"name":"Mana Reserved","values":[["25%",0]],"displayMode":0},{"name":"Cooldown Time","values":[["1.00 sec",0]],"displayMode":0},{"name":"Cast Time","values":[["1.00 sec",0]],"displayMode":0}],"additionalProperties":[{"name":"Experience","values":[["739390\/1964019",0]],"displayMode":2,"progress":0.376467853785}],"requirements":[{"name":"Level","values":[["49",0]],"displayMode":0},{"name":"Str","values":[["70",0]],"displayMode":1},{"name":"Int","values":[["48",0]],"displayMode":1}],"secDescrText":"Channel fire through your hands, adding fire to your physical damage. If you kill an enemy with an attack, other enemies near them will be ignited for the overkill damage.","explicitMods":["Gain 15% of your Physical Damage as Extra Fire Damage","Ignites for 110% of Overkill Damage"],"descrText":"Place into an item socket of the right colour to gain this skill. Right click to remove from a socket.","frameType":4,"socket":2,"colour":"S","socketedItems":[]}]},{"verified":false,"w":1,"h":1,"icon":"https:\/\/p7p4m6s5.ssl.hwcdn.net\/image\/Art\/2DItems\/Amulets\/Amulet6.png?scale=1&w=1&h=1&v=bc7ee6ba515d5f34cfaf7daec1571c523","support":true,"league":"Warbands","sockets":[],"name":"Golem Medallion","typeLine":"Gold Amulet","identified":true,"corrupted":false,"lockedToCharacter":false,"requirements":[{"name":"Level","values":[["38",0]],"displayMode":0}],"implicitMods":["14% increased Rarity of Items found"],"explicitMods":["+24 to Dexterity","+9 to maximum Energy Shield","11% increased Rarity of Items found","+14% to all Elemental Resistances"],"frameType":2,"x":0,"y":0,"inventoryId":"Amulet","socketedItems":[]}],"character":{"class":1,"league":"Warbands"}}