<?xml version="1.0" encoding="utf-8"?>
<AffixList xmlns:xsd="http://www.w3.org/2001/XMLSchema" xmlns:xsi="http://www.w3.org/2001/XMLSchema-instance">
  <!-- Haku -->
  <Affix Name="+#% to Quality of Socketed Support Gems" ModType="Prefix" Global="false" ItemGroup="OneHandedWeapon">
    <Tier ItemLevel="1" Name="Haku's" Tier="1" IsMasterCrafted="true">
      <Stat Name="+#% to Quality of Socketed Support Gems" From="3" To="6" />
    </Tier>
  </Affix>
  <Affix Name="+#% to Quality of Socketed Support Gems" ModType="Prefix" Global="false" ItemGroup="TwoHandedWeapon">
    <Tier ItemLevel="1" Name="Haku's" Tier="1" IsMasterCrafted="true">
      <Stat Name="+#% to Quality of Socketed Support Gems" From="3" To="6" />
    </Tier>
  </Affix>
  <!-- Elreon -->
  <Affix Name="-# to Mana Cost of Skills" ModType="Prefix" Global="true" ItemType="Amulet">
    <Tier ItemLevel="1" Name="Elreon's" Tier="1" IsMasterCrafted="true">
      <Stat Name="-# to Mana Cost of Skills" From="4" To="8" />
    </Tier>
  </Affix>
  <Affix Name="-# to Mana Cost of Skills" ModType="Prefix" Global="true" ItemType="Ring">
    <Tier ItemLevel="1" Name="Elreon's" Tier="1" IsMasterCrafted="true">
      <Stat Name="-# to Mana Cost of Skills" From="4" To="8" />
    </Tier>
  </Affix>
  <!-- Catarina -->
  <Affix Name="+# to Level of Socketed Support Gems" ModType="Prefix" Global="false" ItemType="Dagger">
    <Tier ItemLevel="1" Name="Catarina's" Tier="1" IsMasterCrafted="true">
      <Stat Name="+# to Level of Socketed Support Gems" From="1" To="1" />
    </Tier>
  </Affix>
  <Affix Name="+# to Level of Socketed Support Gems" ModType="Prefix" Global="false" ItemType="Wand">
    <Tier ItemLevel="1" Name="Catarina's" Tier="1" IsMasterCrafted="true">
      <Stat Name="+# to Level of Socketed Support Gems" From="1" To="1" />
    </Tier>
  </Affix>
  <Affix Name="+# to Level of Socketed Support Gems" ModType="Prefix" Global="false" ItemType="Sceptre">
    <Tier ItemLevel="1" Name="Catarina's" Tier="1" IsMasterCrafted="true">
      <Stat Name="+# to Level of Socketed Support Gems" From="1" To="1" />
    </Tier>
  </Affix>
  <Affix Name="+# to Level of Socketed Support Gems" ModType="Prefix" Global="false" ItemType="ShieldEnergyShield">
    <Tier ItemLevel="1" Name="Catarina's" Tier="1" IsMasterCrafted="true">
      <Stat Name="+# to Level of Socketed Support Gems" From="1" To="1" />
    </Tier>
  </Affix>
  <Affix Name="+# to Level of Socketed Support Gems" ModType="Prefix" Global="false" ItemGroup="Helmet">
    <Tier ItemLevel="1" Name="Catarina's" Tier="1" IsMasterCrafted="true">
      <Stat Name="+# to Level of Socketed Support Gems" From="1" To="1" />
    </Tier>
  </Affix>
  <!-- Tora -->
  <Affix Name="Causes Bleeding on Hit" ModType="Prefix" Global="false" ItemType="Bow">
    <Tier ItemLevel="1" Name="Tora's" Tier="1" IsMasterCrafted="true">
      <Stat Name="Causes Bleeding on Hit" From="1" To="1" />
    </Tier>
  </Affix>
  <!-- Vorici -->
  <Affix Name="#% increased Life Leeched per second" ModType="Prefix" Global="true" ItemType="Amulet">
    <Tier ItemLevel="1" Name="Vorici's" Tier="1" IsMasterCrafted="true">
      <Stat Name="#% increased Life Leeched per second" From="20" To="40" />
    </Tier>
  </Affix>
  <Affix Name="#% increased Life Leeched per second" ModType="Prefix" Global="true" ItemGroup="Gloves">
    <Tier ItemLevel="1" Name="Vorici's" Tier="1" IsMasterCrafted="true">
      <Stat Name="#% increased Life Leeched per second" From="20" To="40" />
    </Tier>
  </Affix>
  <!-- Leo -->
  <Affix Name="#% increased Damage" ModType="Prefix" Global="true" ItemType="Amulet">
    <Tier ItemLevel="36" Name="Leo's" Tier="1" IsMasterCrafted="true">
      <Stat Name="#% increased Damage" From="5" To="15" />
    </Tier>
  </Affix>
  <Affix Name="#% increased Damage" ModType="Prefix" Global="true" ItemType="Ring">
    <Tier ItemLevel="36" Name="Leo's" Tier="1" IsMasterCrafted="true">
      <Stat Name="#% increased Damage" From="5" To="15" />
    </Tier>
  </Affix>
  <Affix Name="#% increased Damage" ModType="Prefix" Global="true" ItemType="Belt">
    <Tier ItemLevel="36" Name="Leo's" Tier="1" IsMasterCrafted="true">
      <Stat Name="#% increased Damage" From="5" To="15" />
    </Tier>
  </Affix>
  <!-- Vagan -->
  <Affix Name="Hits can't be Evaded" ModType="Prefix" Global="true" ItemGroup="OneHandedWeapon">
    <Tier ItemLevel="1" Name="Vagan's" Tier="1" IsMasterCrafted="true">
      <Stat Name="Hits can't be Evaded" From="1" To="1" />
    </Tier>
  </Affix>
  <Affix Name="Hits can't be Evaded" ModType="Prefix" Global="true" ItemGroup="TwoHandedWeapon">
    <Tier ItemLevel="1" Name="Vagan's" Tier="1" IsMasterCrafted="true">
      <Stat Name="Hits can't be Evaded" From="1" To="1" />
    </Tier>
  </Affix>
</AffixList>